{"last_tab":"","favicon":{"url":"https:\/\/demo.casethemes.net\/roofex\/wp-content\/uploads\/2022\/06\/favicon.png","id":"17","height":"165","width":"154","thumbnail":"https:\/\/demo.casethemes.net\/roofex\/wp-content\/uploads\/2022\/06\/favicon-150x150.png"},"mouse_move_animation":"1","site_loader":"1","loader_style":"loader-4","primary_color":"","secondary_color":"","regular_color":"","gradient_color":{"from":"","to":""},"header_layout":"9052","header_layout_sticky":"10428","sticky_scroll":"pxl-sticky-stt","logo_m":{"url":"https:\/\/demo.casethemes.net\/roofex\/wp-content\/uploads\/2022\/11\/logo_3.png","id":"8421","height":"130","width":"511","thumbnail":"https:\/\/demo.casethemes.net\/roofex\/wp-content\/uploads\/2022\/11\/logo_3-150x130.png"},"logo_height":{"height":"","units":"px"},"search_mobile":"1","pt_mode":"bd","ptitle_layout":"2855","footer_layout":"9054","back_totop_on":"1","footer_fixed":"0","blog_sidebar_pos":"right","archive_categorie":"1","archive_date":"1","archive_author":"1","archive_excerpt_length":"","archive_readmore_text":"","post_sidebar_pos":"right","post_date":"1","post_author_meta":"1","post_author":"1","post_comments":"1","post_category":"1","post_tag":"1","post_navigation":"0","post_related":"0","post_author_box_info":"0","post_author_pos":"CEO & Founder","link_fb":"https:\/\/www.facebook.com\/","link_tw":"https:\/\/twitter.com\/","link_dribble":"https:\/\/dribbble.com\/","link_be":"https:\/\/www.behance.net\/","link_grid":"https:\/\/demo.casethemes.net\/roofex\/blog-01\/","post_social_share":"1","social_facebook":"1","social_twitter":"1","social_pinterest":"1","social_linkedin":"1","product_sidebar_pos":"0","product_related":"1","font_body":{"font-family":"","font-options":"","google":"1","font-backup":"","font-weight":"","font-style":"","subsets":"","font-size":"","line-height":"","color":""},"font_h1":{"font-family":"","font-options":"","google":"1","font-backup":"","font-weight":"","font-style":"","subsets":"","font-size":"","line-height":"","color":""},"font_h2":{"font-family":"","font-options":"","google":"1","font-backup":"","font-weight":"","font-style":"","subsets":"","font-size":"","line-height":"","color":""},"font_h3":{"font-family":"","font-options":"","google":"1","font-backup":"","font-weight":"","font-style":"","subsets":"","font-size":"","line-height":"","color":""},"font_h4":{"font-family":"","font-options":"","google":"1","font-backup":"","font-weight":"","font-style":"","subsets":"","font-size":"","line-height":"","color":""},"font_h5":{"font-family":"","font-options":"","google":"1","font-backup":"","font-weight":"","font-style":"","subsets":"","font-size":"","line-height":"","color":""},"font_h6":{"font-family":"","font-options":"","google":"1","font-backup":"","font-weight":"","font-style":"","subsets":"","font-size":"","line-height":"","color":""},"theme_default":{"font-family":"","font-options":"","google":"1","subsets":""}}